,high_nocturnal_PC1,low_nocturnal_PC1
tdry,23.85478719662329,0.6208617657685542
rh,44.27225466056982,88.79141399929651
pres,987.8546746394653,999.6328104115371
wspd,2.2462574745128387,1.1004607808730216
theta,298.04556472106924,273.7996167555399
specific_humidity,0.00809944144539571,0.0035696614508828706
stability_proxy,10.972123615862298,-13.273824349667075
