,high_nocturnal_PC1,low_nocturnal_PC1
tdry,0.7071067811865474,-0.7071067811865475
rh,-0.7071067811865474,0.7071067811865476
pres,-0.7071067811865407,0.7071067811865543
wspd,0.7071067811865477,-0.7071067811865474
theta,0.7071067811865475,-0.7071067811865475
specific_humidity,0.7071067811865475,-0.7071067811865476
stability_proxy,0.7071067811865476,-0.7071067811865476
