component,explained_variance_ratio
1,0.6528252008221652
2,0.17754854160843245
3,0.09812857856910491
4,0.06773894726859589
5,0.003758196614348884
6,4.862063687614495e-07
7,4.89109838978743e-08
8,0.0
