component,explained_variance_ratio
1,0.6523828364964637
2,0.17176783625543063
3,0.1004805152561928
4,0.0712164120902757
5,0.00415187942080035
6,4.7073465158996874e-07
7,4.974618526697081e-08
8,0.0
