component,explained_variance_ratio
1,0.5935550858044104
2,0.19119325873887566
3,0.12685887772518814
4,0.08360152761207922
5,0.004790730518786308
6,4.811439110516779e-07
7,3.845674902690195e-08
