,PC1,PC2,PC3,PC4,PC5,PC6,PC7,PC8
tdry,0.4325634306250934,0.0005914586017713827,0.16361183879094313,0.008751808777449717,0.2401768860165651,0.7993797267321537,0.298915065906948,-6.315622038227447e-11
rh,-0.29982824512248896,-0.5203015842440416,-0.16108829742018904,0.45758185726386436,0.6356531852740347,-0.001008964902593057,0.0016429357644331122,-1.47372894361956e-13
pres,-0.22447368985577318,0.19175475274966416,0.8919190673253612,0.3329278325147129,0.037404283723004625,-0.06681626283858703,-0.024851954016038857,5.2640623333141376e-12
wspd,0.11428067341772781,0.6452717631576496,-0.35860799692656947,0.6646824416688932,0.012720912424961343,-5.770176516375772e-05,0.00010339044041967793,-9.426229651339886e-15
theta,0.4358481596952341,-0.014917534758862625,0.08606442425019556,-0.01834976340585107,0.22940180068431548,-0.14326489837739165,-0.4784558837849767,-0.7071067811269198
theta_v,0.4356251161651717,-0.039026356066165446,0.08491622168784246,0.005035737725529674,0.1888018439996472,-0.5610074680369932,0.6716368534015638,-5.588941412809594e-11
specific_humidity,0.2997447475853076,-0.5236146062943903,0.03372645215120346,0.4870315939768873,-0.6291285089777188,0.027341850295556712,-0.03306547561587318,2.7595581558804037e-12
stability_proxy,0.43584815969523427,-0.014917534758862316,0.08606442425019567,-0.018349763405851757,0.22940180068431015,-0.14326489832578326,-0.47845588362418545,0.7071067812461753
